{
  "version": 2,
  "builds": [
    {
      "src": "server.js",
      "use": "@vercel/node",
      "config": {
        "includeFiles": ["dist/**"]
      }
    }
  ],
  "routes": [
    {
      "src": "/api/(.*)",
      "methods": ["GET", "POST", "PUT", "DELETE", "PATCH"],
      "headers": {
        "Access-Control-Allow-Origin": "*",
        "Access-Control-Allow-Methods": "GET, POST, PUT, DELETE, PATCH, OPTIONS",
        "Access-Control-Allow-Headers": "Content-Type, Authorization"
      },
      "dest": "server.js"
    },
    {
      "src": "/api/(.*)",
      "methods": ["OPTIONS"],
      "headers": {
        "Access-Control-Allow-Origin": "*",
        "Access-Control-Allow-Methods": "GET, POST, PUT, DELETE, PATCH, OPTIONS",
        "Access-Control-Allow-Headers": "Content-Type, Authorization"
      },
      "status": 204,
      "continue": false
    },
    {
      "src": "/(.*)",
      "dest": "server.js"
    }
  ]
}